name,summary,interface,UI Available,Feature Highlights,dependencies,Setup Requirements,documentation_quality,maintenance_status,Key Differentiator,links,SERPAPI,JINA_AI,OPENROUTER,OPENAI,GEMINI,FIRECRAWL,BING,BRAVE,ANTHROPIC
"[OpenDeepResearcher](https://github.com/mshumer/OpenDeepResearcher)","OpenDeepResearcher is an AI research assistant that iteratively refines search queries to extract, evaluate, and compile comprehensive research reports","Jupyter Notebooks and Gradio web interface","Yes","Iterative research loop | Asynchronous processing | Duplicate filtering | LLM decision making | Gradio interface","Python 3, aiohttp, asyncio, nest_asyncio, gradio","Requires Python environment, API keys configuration","High","Active","Combines multiple APIs with asynchronous processing","[X Post](https://x.com/mattshumer_/status/1886558939434664404)",True,True,True,True,False,False,False,False,False
"[GPT-Researcher](https://github.com/assafelovic/gpt-researcher)","Advanced research automation tool with citation management","Python CLI and Web UI","Yes","Detailed research reports | Citation management | Multiple search modes","GPT-3.5/4, Python, BeautifulSoup","Python environment, OpenAI API key","High","Active","Advanced citation system","",False,False,False,True,False,False,True,False,False
"[Stanford STORM](https://storm-project.stanford.edu/)","Academic research platform with multi-agent discussions","Web Interface","Yes","Multi-agent discussions | Expert simulation | Wikipedia-style reports","Custom LLM, Python","None - Web based","High","Research","Academic quality research simulation","",False,False,False,False,False,False,False,False,False
"[Jina Node-DeepResearch](https://github.com/jina-ai/node-DeepResearch)","Node.js based deep research tool with iterative search capabilities","Node.js API","Yes","Iterative search | Token budget mgmt | Web reasoning","Node.js","Node.js environment","Medium","Active","Fast Node.js implementation","",False,True,False,False,False,False,False,False,False
"[DZHNG Deep Research](https://github.com/dzhng/deep-research)","Flexible deep research tool with adjustable parameters","Python API","Yes","Adjustable depth/breadth | Auto-timing | Custom behavior","GPT-4, Python","Python environment, API keys","Medium","Active","Flexible control and timing","",False,False,True,True,False,False,False,False,False
"[Open-Deep-Research](https://github.com/nickscamara/open-deep-research)","Research tool with Firecrawl integration","Python API","No","Firecrawl extraction | Data reasoning | Custom search","GPT-3.5/4, Python, Firecrawl","Python and Firecrawl setup","Medium","Maintained","Fast web crawling integration","",False,False,False,True,False,True,False,False,False
"[AI-Web-Researcher-Ollama](https://github.com/TheBlewish/Automated-AI-Web-Researcher-Ollama)","Local LLM-based research tool","CLI","No","Local LLM support | Focus detection | Result saving","Ollama, Python","Local Ollama setup","Medium","Active","Local LLM processing","",False,False,False,False,False,False,False,False,False
"[Tahir-ODR](https://github.com/btahir/open-deep-research)","Gemini alternative research tool","Python API","No","Gemini alternative | Search integration | Report generation","GPT-4, Python","Python environment","Low","Early Stage","Simple modern implementation","",False,False,False,True,False,False,False,True,False
"[Standalone-GPT-Researcher](https://github.com/avrtt/gpt-researcher)","Simplified GPT research implementation","Python API","Yes","Standalone fork | Simplified setup | Core features","GPT-4, Python","Python environment","Medium","Maintained","Easy standalone setup","",False,False,False,True,False,False,True,False,False
"[OpenAI Deep Research](https://platform.openai.com/docs/deep-research)","Professional research platform with GPT-4 Turbo","API & Web","Yes","Pro report gen | Advanced reasoning | Multi-source synthesis","GPT-4 Turbo, O3","API subscription","High","Active","State-of-art processing","",False,False,False,True,False,False,False,False,False
"[Gemini Deep Research](https://blog.google/products/gemini/google-gemini-deep-research/)","Google's research platform with Gemini 2.0","API & Web","Yes","Real-time analysis | Multi-modal | Google integration","Gemini 2.0","API subscription","High","Active","Google ecosystem integration","",False,False,False,False,True,False,False,False,False
"[Claude Research](https://www.anthropic.com/claude)","Advanced research assistant with system control","API & Web","Yes","Computer control | Advanced reasoning | Tool use","Claude 3","API subscription","High","Active","System control capabilities","",False,False,False,False,False,False,False,False,True
"[Perplexity Pro](https://www.perplexity.ai/)","Real-time research platform","Web","Yes","Real-time research | Chat interface | Quick results","GPT-4, Claude","Subscription","High","Active","User-friendly research","",False,False,False,True,False,False,False,False,True
"[DeepSeek](https://deepseek.com/)","Multi-modal research platform","Web","Yes","Multi-modal research | Advanced synthesis | Academic focus","Custom, Claude","Subscription","High","Active","Deep analysis capabilities","",False,False,False,False,False,False,False,False,True
"[You.com Research](https://you.com/)","AI-powered search and research","Web","Yes","AI search | App integration | Web tools","Custom","None","Medium","Active","App ecosystem integration","",False,False,False,False,False,False,False,True,False
"[Operator](https://operator.openai.com)","Enterprise autonomous research platform","API & Web","Yes","Autonomous research | Task automation | Advanced reasoning","GPT-4, Custom","Enterprise access","High","Active","Full research autonomy","",False,False,False,True,False,False,False,False,False
"[NotebookLM](https://notebooklm.google/)","Google's AI-powered research assistant for document analysis and note-taking","Web Interface","Yes","Document synthesis | Context-aware responses | PDF processing | Smart summarization | Source tracking","Gemini","Google account","High","Active","Deep document understanding and contextual awareness","",False,False,False,False,True,False,False,False,False
"[Consensus](https://consensus.app)","AI-powered academic search engine with paper synthesis","Web & ChatGPT Plugin","Yes","200M+ paper database | GPT-4 synthesis | Literature review | Citation extraction | Topic insights","GPT-4","None - Web based","High","Active","Direct academic paper synthesis","",False,False,False,True,False,False,False,False,False
"[SciSpace](https://typeset.io)","AI research platform for paper discovery and analysis","Web & ChatGPT Plugin","Yes","Paper recommendations | PDF analysis | Citation management | Related work discovery | Smart summaries","Custom AI","None - Web based","High","Active","Comprehensive paper analysis and discovery","",False,False,False,False,False,False,False,False,False
"[Scholar GPT](https://chat.openai.com)","ChatGPT plugin for academic research assistance","ChatGPT Plugin","Yes","Paper summarization | Key information extraction | Research synthesis | Citation support","GPT-4","ChatGPT Plus subscription","Medium","Active","Focused academic paper analysis","",False,False,False,True,False,False,False,False,False
"[AgentLaboratory](https://github.com/SamuelSchmidgall/AgentLaboratory)","End-to-end autonomous research workflow assistant","Python Framework","Yes","Literature review | Experiment design | Code execution | Report writing | LLM-driven agents","Python, LLMs","Python environment","High","Active","Complete research workflow automation","",False,False,False,True,False,False,False,False,False
"[Elicit](https://elicit.org)","AI research assistant focused on literature review and analysis","Web","Yes","Literature discovery | Paper analysis | Study comparison | Methodology extraction | Research synthesis","Custom AI","None - Web based","High","Active","Research methodology analysis","",False,False,False,False,False,False,False,False,False
"[Scite.ai](https://scite.ai)","Citation analysis and research validation platform","Web & Browser Extension","Yes","Citation context analysis | Smart citations | Paper validation | Reference checking | Browser integration","Custom AI","None - Web based","High","Active","Smart citation analysis","",False,False,False,False,False,False,False,False,False
"[ResearchRabbit](https://researchrabbit.ai)","Literature discovery and citation mapping tool","Web","Yes","Citation mapping | Paper recommendations | Network visualization | Collection management | Collaboration features","Custom","None - Web based","High","Active","Visual citation mapping","",False,False,False,False,False,False,False,False,False
"[OpenDeepResearcher-SearxNG](https://github.com/benhaotang/OpenDeepResearcher-via-searxng)","SearxNG-powered variant of OpenDeepResearcher with privacy focus","Python API","Yes","Privacy-focused search | SearxNG integration | Self-hosted option | Query refinement | Local processing","Python 3, SearxNG, asyncio","Python environment, SearxNG instance","Medium","Active","Privacy-focused research with SearxNG","",False,False,False,True,False,False,False,False,False
"[HuggingFace-SmoLAgents-ODR](https://github.com/huggingface/smolagents/tree/main/examples/open_deep_research)","HuggingFace's implementation of deep research in SmoLAgents framework","Python API","No","HuggingFace integration | Lightweight agents | Example implementation | Framework compatibility | Easy deployment","Python, HuggingFace Transformers","Python environment","Medium","Active","HuggingFace ecosystem integration","",False,False,False,True,False,False,False,False,False
"[Deeper-Seeker](https://github.com/NimbleFlow-Lab/Deeper-Seeker)","Open source implementation of OpenAI's Deep Research feature","Python CLI","Yes","Iterative research workflow | Exa API integration | Structured output | Comprehensive reporting | Market research focus","Python 3.8+, OpenAI, Exa API","Python environment, API keys","High","Active","Simplified version of OpenAI's Deep Research with Exa search","",False,False,False,True,False,False,False,False,False
